<?xml version="1.0" encoding="UTF-8"?>
<model package="msimportexport" baseClass="xPDOObject" platform="mysql" defaultEngine="MyISAM" version="1.1">
	<object class="MsieHeadAlias" table="msie_head_alias" extends="xPDOSimpleObject">
		<field key="key" dbtype="varchar" precision="255" phptype="string" null="false" />
		<field key="value" dbtype="varchar" precision="255" phptype="string" null="false" />
	</object>
	<object class="MsiePresetsFields" table="msie_presets_fields" extends="xPDOSimpleObject">
		<field key="name" dbtype="varchar" precision="200" phptype="string" null="false" />
		<field key="type" dbtype="varchar" precision="100" phptype="string" null="false" />
		<field key="act" dbtype="tinyint" precision="4" phptype="integer" null="false" default="1" />
		<field key="fields" dbtype="text" phptype="json" null="false" />
	</object>
</model>